county,precinct,registered_voters,ballots_cast,voter_turnout_percent
Boone County,A102 - BELLEVIEW INFORMATION,772,232,30.05%
Boone County,A103 - BULLITTSVILLE INFORMATION,"2,029",566,27.9%
Boone County,A104 - BURLINGTON #1 INFORMATION,"1,757",542,30.85%
Boone County,A105 - BURLINGTON #2 INFORMATION,"1,047",369,35.24%
Boone County,A106 - CARLTON INFORMATION,837,254,30.35%
Boone County,A107 - CONSTANCE INFORMATION,785,139,17.71%
Boone County,A108 - HEBRON #1 INFORMATION,"1,804",405,22.45%
Boone County,A109 - HEBRON #2 INFORMATION,"1,840",396,21.52%
Boone County,A110 - PETERSBURG INFORMATION,999,336,33.63%
Boone County,A111 - BURLINGTON #3 INFORMATION,"1,977",394,19.93%
Boone County,A112 - BURLINGTON #4 INFORMATION,"1,121",285,25.42%
Boone County,A113 - BURLINGTON #5 INFORMATION,"2,258",434,19.22%
Boone County,A114 - HEBRON #3 INFORMATION,"2,572",792,30.79%
Boone County,A115 - BURLINGTON #6 INFORMATION,"2,307",499,21.63%
Boone County,A116 - BURLINGTON #7 INFORMATION,947,266,28.09%
Boone County,A117 - HEBRON #4 INFORMATION,"2,685",792,29.5%
Boone County,A118 - HAMILTON INFORMATION,"1,305",492,37.7%
Boone County,A119 - LIMABURG INFORMATION,931,143,15.36%
Boone County,A120 - BURLINGTON #8 INFORMATION,"2,086",606,29.05%
Boone County,A121 - HEBRON 5 INFORMATION,"2,727",770,28.24%
Boone County,A122 - BURLINGTON #9 INFORMATION,"1,276",302,23.67%
Boone County,A123 - CAMP ERNST INFORMATION,"2,359",466,19.75%
Boone County,B114 - BEAVER INFORMATION,983,359,36.52%
Boone County,B115 - GLENVIEW INFORMATION,812,241,29.68%
Boone County,B118 - LINKVIEW INFORMATION,799,254,31.79%
Boone County,B120 - PLEASANT VALLEY INFORMATION,"1,110",319,28.74%
Boone County,B121 - RICHWOOD INFORMATION,"2,930",845,28.84%
Boone County,B122 - UNION # 1 INFORMATION,"2,978",817,27.43%
Boone County,B123 - UNION # 2 INFORMATION,"3,096",846,27.33%
Boone County,B124 - UNION # 3 INFORMATION,"1,142",356,31.17%
Boone County,B125 - UNION # 4 INFORMATION,"1,485",402,27.07%
Boone County,B126 - VERONA INFORMATION,"1,927",685,35.55%
Boone County,B127 - WALTON #1 INFORMATION,"2,634",441,16.74%
Boone County,B128 - WALTON #2 INFORMATION,"1,839",422,22.95%
Boone County,B129 - UNION 5 INFORMATION,"2,360",625,26.48%
Boone County,B130 - UNION 6 INFORMATION,"1,951",538,27.58%
Boone County,B131 - SUMMITVIEW INFORMATION,"1,713",499,29.13%
Boone County,B132 - HEARTHSTONE INFORMATION,"2,329",577,24.77%
Boone County,B133 - FLORENCE #15 INFORMATION,"2,256",568,25.18%
Boone County,B134 - KENSINGTON INFORMATION,"1,410",414,29.36%
Boone County,B135 - UNION 7 INFORMATION,"2,542",761,29.94%
Boone County,B136 - UNION #8 INFORMATION,820,211,25.73%
Boone County,C102 - DEVON #1 INFORMATION,"2,048",391,19.09%
Boone County,C110 - DEVON #2 INFORMATION,"2,852",299,10.48%
Boone County,C116 - GREENVIEW INFORMATION,"1,311",284,21.66%
Boone County,C117 - DEVON #3 INFORMATION,"1,136",365,32.13%
Boone County,C118 - HOPEFUL INFORMATION,"1,901",520,27.35%
Boone County,C119 - OAKBROOK INFORMATION,888,244,27.48%
Boone County,C121 - SHAMROCK INFORMATION,"1,520",230,15.13%
Boone County,C123 - AIRPORT INFORMATION,723,119,16.46%
Boone County,C124 - FLORENCE #1 INFORMATION,"1,250",208,16.64%
Boone County,C125 - FLORENCE #2 INFORMATION,749,162,21.63%
Boone County,C126 - FLORENCE #3 INFORMATION,"1,177",81,6.88%
Boone County,C127 - FLORENCE #4 INFORMATION,"1,237",206,16.65%
Boone County,C128 - FLORENCE #5 INFORMATION,843,165,19.57%
Boone County,C129 - FLORENCE #6 INFORMATION,"1,248",223,17.87%
Boone County,C130 - FLORENCE #7 INFORMATION,"1,752",294,16.78%
Boone County,C131 - FLORENCE #8 INFORMATION,"1,685",210,12.46%
Boone County,C132 - FLORENCE # 9 INFORMATION,"1,374",219,15.94%
Boone County,C133 - FLORENCE # 10 INFORMATION,716,116,16.2%
Boone County,C134 - FLORENCE #11 INFORMATION,"2,413",620,25.69%
Boone County,C135 - FLORENCE #12 INFORMATION,"1,259",265,21.05%
Boone County,C136 - FLORENCE #13 INFORMATION,849,227,26.74%
Boone County,C137 - FLORENCE #14 INFORMATION,"1,798",501,27.86%
Bracken County,A101 - FOSTER INFORMATION,879,264,30.03%
Bracken County,B101 - AUGUSTA W INFORMATION,706,184,26.06%
Bracken County,C101 - AUGUSTA E INFORMATION,768,229,29.82%
Bracken County,D101 - BERLIN INFORMATION,858,276,32.17%
Bracken County,E101 - CHATHAM INFORMATION,838,239,28.52%
Bracken County,F101 - BROOKSVILLE INFORMATION,812,259,31.9%
Bracken County,G101 - MILFORD INFORMATION,751,203,27.03%
Bracken County,H101 - GERMANTOWN INFORMATION,822,200,24.33%
Campbell County,A402 - FT THOMAS B INFORMATION,"2,444",985,40.3%
Campbell County,A405 - FT THOMAS E INFORMATION,"2,455",896,36.5%
Campbell County,A409 - FT THOMAS K INFORMATION,976,359,36.78%
Campbell County,A410 - FT THOMAS L INFORMATION,"2,188",778,35.56%
Campbell County,A412 - FT THOMAS N INFORMATION,"1,013",455,44.92%
Campbell County,A415 - FT THOMAS I INFORMATION,549,105,19.13%
Campbell County,A418 - FT THOMAS R INFORMATION,"1,513",519,34.3%
Campbell County,A419 - FT THOMAS S INFORMATION,639,204,31.92%
Campbell County,A601 - HIGHLAND HEIGHTS A INFORMATION,567,141,24.87%
Campbell County,A701 - COLD SPRING A INFORMATION,826,304,36.8%
Campbell County,A702 - COLD SPRING B INFORMATION,"1,104",369,33.42%
Campbell County,A705 - COLD SPRING E INFORMATION,767,242,31.55%
Campbell County,A801 - ALEXANDRIA A INFORMATION,"1,095",384,35.07%
Campbell County,A802 - ALEXANDRIA B INFORMATION,"1,407",283,20.11%
Campbell County,A804 - ALEXANDRIA D INFORMATION,"2,673",731,27.35%
Campbell County,A906 - CAMP SPRINGS INFORMATION,"1,030",376,36.5%
Campbell County,A907 - MELBOURNE INFORMATION,"2,058",518,25.17%
Campbell County,B602 - HIGHLAND HEIGHTS B INFORMATION,988,204,20.65%
Campbell County,B603 - HIGHLAND HEIGHTS C INFORMATION,483,105,21.74%
Campbell County,B604 - HIGHLAND HEIGHTS D INFORMATION,"2,173",438,20.16%
Campbell County,B703 - COLD SPRING C INFORMATION,"1,669",411,24.63%
Campbell County,B704 - COLD SPRING D INFORMATION,"1,188",437,36.78%
Campbell County,B706 - COLD SPRING F INFORMATION,"2,253",747,33.16%
Campbell County,B803 - ALEXANDRIA C INFORMATION,"3,013",798,26.49%
Campbell County,B806 - ALEXANDRIA F INFORMATION,"1,918",580,30.24%
Campbell County,B807 - ALEXANDRIA G INFORMATION,"1,057",319,30.18%
Campbell County,B901 - MENTOR INFORMATION,"1,646",556,33.78%
Campbell County,B903 - SUN VALLEY INFORMATION,"2,169",700,32.27%
Campbell County,B904 - GRANTS LICK INFORMATION,"2,236",685,30.64%
Campbell County,B905 - CLARYVILLE INFORMATION,"1,900",576,30.32%
Campbell County,B909 - WILDER INFORMATION,"2,762",655,23.71%
Campbell County,C101 - DAYTON A INFORMATION,"2,829",402,14.21%
Campbell County,C102 - DAYTON B INFORMATION,"1,405",314,22.35%
Campbell County,C201 - BELLEVUE A INFORMATION,"1,358",320,23.56%
Campbell County,C202 - BELLEVUE B INFORMATION,931,194,20.84%
Campbell County,C203 - BELLEVUE C INFORMATION,"2,255",466,20.67%
Campbell County,C301 - NEWPORT A INFORMATION,"1,702",270,15.86%
Campbell County,C302 - NEWPORT B INFORMATION,"1,772",400,22.57%
Campbell County,C303 - NEWPORT C INFORMATION,"2,364",281,11.89%
Campbell County,C307 - NEWPORT G INFORMATION,"3,440",562,16.34%
Campbell County,C308 - NEWPORT H INFORMATION,985,197,20%
Campbell County,C401 - FT THOMAS A INFORMATION,"1,019",443,43.47%
Campbell County,C416 - FT THOMAS J INFORMATION,926,255,27.54%
Campbell County,C501 - SOUTHGATE A INFORMATION,"1,733",344,19.85%
Campbell County,C503 - SOUTHGATE C INFORMATION,525,139,26.48%
Campbell County,C504 - SOUTHGATE D INFORMATION,651,96,14.75%
Carroll County,A101 - MAGISTERIAL DISTRICT 1 INFORMATION,"2,482",622,25.06%
Carroll County,B102 - MAGISTERIAL DISTRICT 2 INFORMATION,"2,377",406,17.08%
Carroll County,C103 - MAGISTERIAL DISTRICT 3 INFORMATION,"2,774",684,24.66%
Carter County,A101 - COURTHOUSE INFORMATION,"1,036",188,18.15%
Carter County,A102 - GREGORYVILLE INFORMATION,502,65,12.95%
Carter County,A103 - IRON HILL INFORMATION,621,87,14.01%
Carter County,A104 - NORTH MIDLAND TRAIL INFORMATION,799,102,12.77%
Carter County,A105 - OAKLAND INFORMATION,"1,108",193,17.42%
Carter County,B101 - EAST GRAYSON/STINSON INFORMATION,"1,021",160,15.67%
Carter County,B102 - NORTH RUSH INFORMATION,510,69,13.53%
Carter County,B103 - SOUTH MIDLAND TRAIL INFORMATION,608,138,22.7%
Carter County,B104 - SOUTH RUSH INFORMATION,874,108,12.36%
Carter County,B105 - STOVALL INFORMATION,703,133,18.92%
Carter County,C101 - ALPHA HALL INFORMATION,"1,370",204,14.89%
Carter County,C102 - DENTON INFORMATION,223,19,8.52%
Carter County,C103 - HITCHINS INFORMATION,910,109,11.98%
Carter County,C104 - WILLARD INFORMATION,935,169,18.07%
Carter County,D101 - CEDAR GROVE INFORMATION,645,107,16.59%
Carter County,D102 - CLARK HILL INFORMATION,298,53,17.79%
Carter County,D103 - EAGLE HALL INFORMATION,605,101,16.69%
Carter County,D104 - GRAHN INFORMATION,486,78,16.05%
Carter County,D105 - PLEASANT HILL INFORMATION,291,25,8.59%
Carter County,D106 - PLEASANT VALLEY INFORMATION,553,113,20.43%
Carter County,D107 - SOLDIER INFORMATION,691,95,13.75%
Carter County,E101 - BRICKYARD INFORMATION,868,136,15.67%
Carter County,E102 - BUFFALO INFORMATION,809,160,19.78%
Carter County,E103 - OLIVE HILL COURTHOUSE INFORMATION,674,149,22.11%
Carter County,E104 - SAWMILL INFORMATION,329,71,21.58%
Carter County,E105 - SMOKEY VALLEY INFORMATION,569,120,21.09%
Carter County,E106 - UPPER TYGART INFORMATION,720,139,19.31%
Gallatin County,A101 - LOWER WARSAW INFORMATION,728,167,22.94%
Gallatin County,A102 - UPPER WARSAW INFORMATION,739,130,17.59%
Gallatin County,B101 - NAPOLEON INFORMATION,646,158,24.46%
Gallatin County,B102 - CONCORD INFORMATION,916,158,17.25%
Gallatin County,C101 - GLENCOE INFORMATION,648,190,29.32%
Gallatin County,C102 - VETERAN'S MEMORIAL INFORMATION,944,225,23.83%
Gallatin County,D101 - SPARTA INFORMATION,846,207,24.47%
Gallatin County,D102 - GOLD STAR INFORMATION,890,274,30.79%
Grant County,A101 - GRANT COUNTY #1 INFORMATION,"5,917","1,583",26.75%
Grant County,B102 - GRANT COUNTY #2 INFORMATION,"6,113","1,542",25.22%
Grant County,C103 - GRANT COUNTY #3 INFORMATION,"6,047","1,413",23.37%
Greenup County,A101 - RACELAND #1 INFORMATION,"1,096",210,19.16%
Greenup County,A102 - RACELAND #2 INFORMATION,"1,034",191,18.47%
Greenup County,A103 - WORTHINGTON INFORMATION,"1,228",224,18.24%
Greenup County,A104 - WURTLAND #1 INFORMATION,984,185,18.8%
Greenup County,A105 - WURTLAND #2 INFORMATION,641,118,18.41%
Greenup County,A106 - GREENUP #2 INFORMATION,633,157,24.8%
Greenup County,A107 - GREENUP #3 INFORMATION,729,166,22.77%
Greenup County,A108 - RUSSELL #1 INFORMATION,582,115,19.76%
Greenup County,A109 - RUSSELL #2 INFORMATION,"1,550",383,24.71%
Greenup County,A110 - FLATWOODS #6 INFORMATION,"1,125",267,23.73%
Greenup County,B101 - SOUTH PORTSMOUTH INFORMATION,794,165,20.78%
Greenup County,B102 - SOUTH SHORE INFORMATION,941,191,20.3%
Greenup County,B103 - KINGS ADDITION INFORMATION,"1,024",222,21.68%
Greenup County,B104 - LIMEVILLE INFORMATION,737,152,20.62%
Greenup County,B105 - SCHULTZ INFORMATION,"1,080",217,20.09%
Greenup County,B107 - THOMPSON INFORMATION,940,184,19.57%
Greenup County,B108 - SMITH BRANCH INFORMATION,"1,348",286,21.22%
Greenup County,B110 - WARNOCK INFORMATION,704,152,21.59%
Greenup County,B111 - GREENUP #1 INFORMATION,"1,341",258,19.24%
Greenup County,C101 - BELLEFONTE INFORMATION,810,243,30%
Greenup County,C102 - EAST FORK INFORMATION,"1,141",227,19.89%
Greenup County,C103 - FLATWOODS #1 INFORMATION,826,141,17.07%
Greenup County,C104 - FLATWOODS #2 INFORMATION,"1,051",232,22.07%
Greenup County,C105 - FLATWOODS #3 INFORMATION,"1,249",248,19.86%
Greenup County,C106 - FLATWOODS #4 INFORMATION,"1,030",211,20.49%
Greenup County,C107 - FLATWOODS #5 INFORMATION,832,157,18.87%
Greenup County,C108 - KENWOOD INFORMATION,854,270,31.62%
Greenup County,C109 - OLDTOWN INFORMATION,797,181,22.71%
Greenup County,C110 - HUNNEWELL INFORMATION,891,195,21.89%
Harrison County,A101 - SOUTHSIDE SCHOOL INFORMATION,765,177,23.14%
Harrison County,A102 - CLIFTON VILLAGE INFORMATION,621,112,18.04%
Harrison County,A103 - SHERIFF'S OFFICE INFORMATION,252,22,8.73%
Harrison County,B101 - CITY FIRE STATION #2 INFORMATION,845,208,24.62%
Harrison County,B102 - LIBRARY INFORMATION,674,134,19.88%
Harrison County,B103 - RIVER INFORMATION,173,4,2.31%
Harrison County,C101 - BUENA VISTA INFORMATION,902,259,28.71%
Harrison County,C102 - EASTSIDE SCHOOL INFORMATION,884,291,32.92%
Harrison County,D101 - COUNTY EXTENSION OFFICE INFORMATION,861,253,29.38%
Harrison County,D102 - LEESBURG INFORMATION,"1,078",269,24.95%
Harrison County,E101 - WESTSIDE SCHOOL INFORMATION,874,172,19.68%
Harrison County,E102 - CONNERSVILLE INFORMATION,935,229,24.49%
Harrison County,F101 - CENTRAL INFORMATION,913,262,28.7%
Harrison County,F102 - NORTHSIDE SCHOOL INFORMATION,916,288,31.44%
Harrison County,G101 - KINMAN INFORMATION,"1,047",243,23.21%
Harrison County,G102 - BERRY INFORMATION,761,166,21.81%
Harrison County,H101 - KELAT INFORMATION,946,267,28.22%
Harrison County,H102 - SUNRISE INFORMATION,763,201,26.34%
Henry County,A101 - WEST EMINENCE INFORMATION,"1,837",428,23.3%
Henry County,A102 - SOUTH SMITHFIELD INFORMATION,407,102,25.06%
Henry County,B101 - SMITHFIELD INFORMATION,"1,005",367,36.52%
Henry County,B102 - PENDLETON INFORMATION,"1,270",372,29.29%
Henry County,C101 - CAMPBELLSBURG INFORMATION,"1,511",404,26.74%
Henry County,C102 - TURNERS STATION INFORMATION,379,105,27.7%
Henry County,D101 - WEST NEW CASTLE INFORMATION,"1,214",349,28.75%
Henry County,D102 - NORTHEAST NEW CASTLE INFORMATION,952,254,26.68%
Henry County,E101 - LOCKPORT- GEST INFORMATION,481,143,29.73%
Henry County,E102 - PORT ROYAL INFORMATION,515,146,28.35%
Henry County,E103 - BETHLEHEM INFORMATION,493,148,30.02%
Henry County,E104 - FRANKLINTON INFORMATION,279,83,29.75%
Henry County,E105 - EAST NEW CASTLE INFORMATION,166,45,27.11%
Henry County,F101 - EAST EMINENCE INFORMATION,665,153,23.01%
Henry County,F102 - DEFOE INFORMATION,261,85,32.57%
Henry County,F103 - PLEASUREVILLE INFORMATION,912,257,28.18%
Kenton County,A101 - COVINGTON #1 INFORMATION,"4,342",484,11.15%
Kenton County,A102 - COVINGTON #2 INFORMATION,"4,070",500,12.29%
Kenton County,A103 - COVINGTON #3 INFORMATION,"1,248",158,12.66%
Kenton County,A104 - COVINGTON #4 INFORMATION,"1,836",194,10.57%
Kenton County,A105 - COVINGTON #5 INFORMATION,"2,231",238,10.67%
Kenton County,A106 - COVINGTON #6 INFORMATION,"2,582",211,8.17%
Kenton County,A107 - COVINGTON #7 INFORMATION,"1,340",221,16.49%
Kenton County,A108 - COVINGTON #8 INFORMATION,"1,063",119,11.19%
Kenton County,A109 - COVINGTON #9 INFORMATION,"3,257",324,9.95%
Kenton County,A110 - COVINGTON #10 INFORMATION,480,104,21.67%
Kenton County,A111 - COVINGTON #11 INFORMATION,827,90,10.88%
Kenton County,A112 - COVINGTON #12 INFORMATION,"2,287",416,18.19%
Kenton County,A113 - COVINGTON #13 INFORMATION,"2,263",330,14.58%
Kenton County,A114 - COVINGTON #14 INFORMATION,"1,854",251,13.54%
Kenton County,A116 - FT MITCHELL INFORMATION,"7,649","1,742",22.77%
Kenton County,A119 - FT WRIGHT INFORMATION,"5,896","1,471",24.95%
Kenton County,A121 - KENTON VALE INFORMATION,89,18,20.22%
Kenton County,A122 - LUDLOW INFORMATION,"3,925",621,15.82%
Kenton County,A123 - PARK HILLS INFORMATION,"2,984",658,22.05%
Kenton County,A124 - COVINGTON 3.5 INFORMATION,0,0,0%
Kenton County,A125 - BROMLEY INFORMATION,636,81,12.74%
Kenton County,B201 - BRACHT #1 INFORMATION,899,258,28.7%
Kenton County,B202 - BRACHT #2 INFORMATION,500,114,22.8%
Kenton County,B203 - COVINGTON #15 INFORMATION,"1,147",285,24.85%
Kenton County,B204 - COVINGTON #16 INFORMATION,"3,314",518,15.63%
Kenton County,B205 - COVINGTON #17 INFORMATION,"2,818",614,21.79%
Kenton County,B206 - DECOURSEY INFORMATION,910,207,22.75%
Kenton County,B208 - INDEPENDENCE #1 INFORMATION,"4,582",910,19.86%
Kenton County,B209 - INDEPENDENCE #2 INFORMATION,"2,125",511,24.05%
Kenton County,B210 - INDEPENDENCE #3 INFORMATION,"2,623",333,12.7%
Kenton County,B211 - INDEPENDENCE #4 INFORMATION,"2,598",550,21.17%
Kenton County,B212 - INDEPENDENCE #5 INFORMATION,"1,297",199,15.34%
Kenton County,B213 - INDEPENDENCE #6 INFORMATION,"1,604",412,25.69%
Kenton County,B214 - INDEPENDENCE 6.5 INFORMATION,26,7,26.92%
Kenton County,B215 - INDEPENDENCE #7 INFORMATION,"2,418",569,23.53%
Kenton County,B216 - INDEPENDENCE #8 INFORMATION,"4,053",761,18.78%
Kenton County,B217 - INDEPENDENCE #9 INFORMATION,"2,017",546,27.07%
Kenton County,B218 - MORNINGVIEW INFORMATION,"1,196",309,25.84%
Kenton County,B219 - NICHOLSON INFORMATION,"5,479","1,292",23.58%
Kenton County,B220 - WHITES TOWER INFORMATION,"3,441",904,26.27%
Kenton County,B222 - PINER INFORMATION,"1,010",329,32.57%
Kenton County,B223 - TAYLOR MILL INFORMATION,"6,292","1,401",22.27%
Kenton County,C301 - CRESCENT SPRINGS INFORMATION,"4,044",808,19.98%
Kenton County,C302 - CRESTVIEW HILLS #1 INFORMATION,"1,422",462,32.49%
Kenton County,C303 - CRESTVIEW HILLS #2 INFORMATION,"1,355",296,21.85%
Kenton County,C304 - EDGEWOOD #1 INFORMATION,"1,037",318,30.67%
Kenton County,C305 - EDGEWOOD 1.5 INFORMATION,11,1,9.09%
Kenton County,C306 - EDGEWOOD #2 INFORMATION,"2,278",702,30.82%
Kenton County,C307 - EDGEWOOD #3 INFORMATION,"3,137",947,30.19%
Kenton County,C308 - EDGEWOOD #4 INFORMATION,"1,093",382,34.95%
Kenton County,C309 - ELSMERE INFORMATION,"6,619",858,12.96%
Kenton County,C312 - ERLANGER #1 INFORMATION,"2,647",510,19.27%
Kenton County,C313 - ERLANGER #2 INFORMATION,"1,192",302,25.34%
Kenton County,C314 - ERLANGER #3 INFORMATION,"3,410",409,11.99%
Kenton County,C315 - ERLANGER #4 INFORMATION,"3,549",642,18.09%
Kenton County,C316 - ERLANGER #5 INFORMATION,"3,217",723,22.47%
Kenton County,C317 - ERLANGER #6 INFORMATION,"2,192",678,30.93%
Kenton County,C318 - LAKESIDE PARK INFORMATION,"2,686",656,24.42%
Kenton County,C319 - VILLA HILLS INFORMATION,"7,254","2,117",29.18%
Kenton County,C322 - ERLANGER 1.5 INFORMATION,72,11,15.28%
Lewis County,A100 - PRECINCT #1 INFORMATION,"2,745",813,29.62%
Lewis County,B200 - PRECINCT #2 INFORMATION,"2,285",718,31.42%
Lewis County,C300 - PRECINCT #3 INFORMATION,"2,452",845,34.46%
Lewis County,D400 - PRECINCT #4 INFORMATION,"2,348",776,33.05%
Mason County,A101 - MAYSVILLE 1 INFORMATION,747,212,28.38%
Mason County,A103 - MAYSVILLE 3 INFORMATION,"1,157",274,23.68%
Mason County,A104 - MAYSVILLE 4 INFORMATION,951,198,20.82%
Mason County,A105 - PLUGTOWN INFORMATION,730,230,31.51%
Mason County,A106 - DOVER INFORMATION,341,68,19.94%
Mason County,B102 - MINERVA INFORMATION,273,99,36.26%
Mason County,B104 - FERNLEAF & GRTOWN 10 & 11 INFORMATION,654,197,30.12%
Mason County,B106 - MAYS LICK INFORMATION,"1,145",377,32.93%
Mason County,B107 - WASHINGTON 17 & 17A INFORMATION,"1,219",450,36.92%
Mason County,B108 - KENTON STATION 16A INFORMATION,"1,375",550,40%
Mason County,C102 - HILLTOP 16 INFORMATION,"1,468",576,39.24%
Mason County,C103 - HELENA & LWBURG 18-19-19A INFORMATION,784,229,29.21%
Mason County,C104 - LIMESTNE & PVILLE 20 & 21 INFORMATION,604,165,27.32%
Mason County,C105 - RVILLE & ORNGBRG 21A & 22 INFORMATION,"1,075",279,25.95%
Nelson County,A102 - A2 INFORMATION,"1,955",479,24.5%
Nelson County,A103 - A3 INFORMATION,"1,538",404,26.27%
Nelson County,A104 - A4 INFORMATION,"1,488",371,24.93%
Nelson County,A105 - A5 INFORMATION,"1,736",473,27.25%
Nelson County,B101 - B1 INFORMATION,"2,126",669,31.47%
Nelson County,B102 - B2 INFORMATION,"1,320",266,20.15%
Nelson County,B103 - B3 INFORMATION,"1,970",567,28.78%
Nelson County,B104 - B4 INFORMATION,"2,020",558,27.62%
Nelson County,C101 - C1 INFORMATION,814,293,36%
Nelson County,C102 - C2 INFORMATION,"1,469",346,23.55%
Nelson County,C103 - C3 INFORMATION,"1,596",379,23.75%
Nelson County,C104 - C4 INFORMATION,"1,059",304,28.71%
Nelson County,C105 - C5 INFORMATION,"1,319",334,25.32%
Nelson County,C106 - C6 INFORMATION,839,277,33.02%
Nelson County,D101 - D1 INFORMATION,"1,348",403,29.9%
Nelson County,D102 - D2 INFORMATION,"1,505",378,25.12%
Nelson County,D103 - D3 INFORMATION,"1,618",528,32.63%
Nelson County,D104 - D4 INFORMATION,"1,351",395,29.24%
Nelson County,D105 - D5 INFORMATION,"1,607",475,29.56%
Nelson County,E101 - E1 INFORMATION,896,280,31.25%
Nelson County,E102 - E2 INFORMATION,"1,986",485,24.42%
Nelson County,E103 - E3 INFORMATION,"1,409",394,27.96%
Nelson County,E104 - E4 INFORMATION,"1,208",291,24.09%
Nelson County,E105 - E5 INFORMATION,"1,492",242,16.22%
Oldham County,A101 - NORTH GOSHEN INFORMATION,"2,167",683,31.52%
Oldham County,A103 - HARMONY INFORMATION,"2,866",950,33.15%
Oldham County,A104 - SOUTH HARMONY INFORMATION,"2,197",632,28.77%
Oldham County,B101 - SKYLIGHT INFORMATION,774,284,36.69%
Oldham County,B102 - SOUTH GOSHEN INFORMATION,"1,146",361,31.5%
Oldham County,B104 - WEST BUCKNER INFORMATION,381,115,30.18%
Oldham County,B105 - NORTHEAST BUCKNER INFORMATION,"2,491",883,35.45%
Oldham County,B106 - COVERED BRIDGE INFORMATION,823,269,32.69%
Oldham County,C101 - COVINGTON INFORMATION,"1,025",393,38.34%
Oldham County,C102 - NORTH LAGRANGE INFORMATION,"1,518",604,39.79%
Oldham County,C103 - CENTRAL WEST INFORMATION,"1,250",443,35.44%
Oldham County,C105 - WESTPORT INFORMATION,"1,158",442,38.17%
Oldham County,C106 - CENTRAL EAST INFORMATION,960,235,24.48%
Oldham County,D101 - SOUTHEAST LAGRANGE INFORMATION,"2,000",621,31.05%
Oldham County,D103 - EAST BALLARDSVILLE INFORMATION,"1,996",688,34.47%
Oldham County,D104 - WEST BALLARDSVILLE INFORMATION,856,315,36.8%
Oldham County,D106 - MAIN INFORMATION,"1,901",493,25.93%
Oldham County,E101 - EAST WORTH INFORMATION,"1,672",511,30.56%
Oldham County,E102 - WEST WORTH INFORMATION,"1,982",710,35.82%
Oldham County,E103 - SOUTH PEWEE VALLEY INFORMATION,"1,065",320,30.05%
Oldham County,E104 - BERNARD INFORMATION,570,162,28.42%
Oldham County,E105 - WORTH INFORMATION,"1,902",628,33.02%
Oldham County,E106 - NORTHWOOD INFORMATION,325,110,33.85%
Oldham County,F101 - WEST LAGRANGE INFORMATION,"1,029",283,27.5%
Oldham County,F102 - EAST BUCKNER INFORMATION,"1,595",486,30.47%
Oldham County,F103 - GLENARM INFORMATION,"1,211",454,37.49%
Oldham County,F104 - CENTERFIELD INFORMATION,887,292,32.92%
Oldham County,F105 - SOUTH LAGRANGE INFORMATION,"1,864",478,25.64%
Oldham County,F106 - CARRIAGE HILL INFORMATION,311,129,41.48%
Oldham County,G101 - WEST BROWNSBORO INFORMATION,"2,597",635,24.45%
Oldham County,G102 - BRIAR HILL INFORMATION,"2,118",653,30.83%
Oldham County,G103 - NORTH 22 INFORMATION,"1,565",366,23.39%
Oldham County,G105 - CLORE INFORMATION,"1,144",286,25%
Oldham County,H101 - NORTH CRESTWOOD INFORMATION,"2,328",677,29.08%
Oldham County,H103 - NORTH PEWEE VALLEY INFORMATION,"1,427",489,34.27%
Oldham County,H104 - CRESTWOOD INFORMATION,"1,107",320,28.91%
Oldham County,H105 - EAST BROWNSBORO INFORMATION,"1,741",540,31.02%
Oldham County,H106 - SOUTH CRESTWOOD INFORMATION,124,32,25.81%
Owen County,A101 - NEW LIBERTY INFORMATION,411,124,30.17%
Owen County,A103 - POPLAR GROVE INFORMATION,680,227,33.38%
Owen County,A104 - JONESVILLE INFORMATION,246,93,37.8%
Owen County,A105 - NORTH OWENTON INFORMATION,854,349,40.87%
Owen County,B102 - SOUTH OWENTON INFORMATION,"1,039",431,41.48%
Owen County,B103 - OWENTON INC INFORMATION,"1,033",284,27.49%
Owen County,C101 - NEW COLUMBUS INFORMATION,828,226,27.29%
Owen County,C103 - HESLER INFORMATION,586,174,29.69%
Owen County,C104 - LUSBY'S MILL INFORMATION,663,218,32.88%
Owen County,D101 - MONTEREY INFORMATION,757,272,35.93%
Owen County,D102 - GRATZ INFORMATION,656,212,32.32%
Owen County,D103 - WHEATLEY INFORMATION,578,130,22.49%
Pendleton County,A101 - GARDNERSVILLE BAPTIST CHURCH INFORMATION,640,145,22.66%
Pendleton County,A102 - BUTLER COMMUNITY CENTER INFORMATION,"1,070",288,26.92%
Pendleton County,A103 - PLEASANT RIDGE BAPTIST INFORMATION,828,212,25.6%
Pendleton County,B101 - FLOUR CREEK CHRISTIAN INFORMATION,"1,055",420,39.81%
Pendleton County,B102 - N PENDLETON FIRE HOUSE INFORMATION,"1,053",352,33.43%
Pendleton County,B103 - KINCAID MULTI-PURPOSE BLD INFORMATION,865,288,33.29%
Pendleton County,C101 - SHORT CREEK BAPTIST CH. INFORMATION,934,242,25.91%
Pendleton County,C102 - COURTHOUSE COMMUNITY ROOM INFORMATION,"1,042",320,30.71%
Pendleton County,C103 - FLOYD WILLS GARAGE INFORMATION,629,162,25.76%
Pendleton County,D101 - PENDLETON COUNTY LIBRARY INFORMATION,"1,201",414,34.47%
Pendleton County,D102 - BLANKET CREEK CHURCH INFORMATION,698,244,34.96%
Pendleton County,D103 - OAKLAND CHRISTIAN CHURCH INFORMATION,871,247,28.36%
Robertson County,A101 - MOUNT OLIVET INFORMATION,352,143,40.63%
Robertson County,B101 - PINHOOK INFORMATION,316,112,35.44%
Robertson County,C101 - KENTONTOWN INFORMATION,345,142,41.16%
Robertson County,D101 - BURIKA INFORMATION,380,113,29.74%
Robertson County,E101 - MOUNT OLIVET INFORMATION,348,121,34.77%
Shelby County,A101 - WEST FINCHVILLE INFORMATION,"1,424",503,35.32%
Shelby County,A102 - SOUTH SHELBY INFORMATION,"1,416",237,16.74%
Shelby County,A103 - CHARLESTON INFORMATION,736,259,35.19%
Shelby County,A104 - EAST FINCHVILLE INFORMATION,817,296,36.23%
Shelby County,A105 - ADAMS STATION INFORMATION,"1,805",501,27.76%
Shelby County,B101 - SOUTHVILLE INFORMATION,"1,241",438,35.29%
Shelby County,B102 - WADDY INFORMATION,"1,192",411,34.48%
Shelby County,B103 - ROCKBRIDGE INFORMATION,460,194,42.17%
Shelby County,B104 - WEISSINGER INFORMATION,"1,607",485,30.18%
Shelby County,B105 - HOOPER STATION INFORMATION,"1,236",389,31.47%
Shelby County,C101 - NORTH EAST SHELBY INFORMATION,"1,231",481,39.07%
Shelby County,C102 - CLAYVILLAGE INFORMATION,740,292,39.46%
Shelby County,C103 - EAST SHELBY INFORMATION,937,250,26.68%
Shelby County,C104 - GUIST CREEK INFORMATION,"1,134",446,39.33%
Shelby County,C105 - OSPREY COVE INFORMATION,"1,610",340,21.12%
Shelby County,D101 - EAST BAGDAD INFORMATION,"1,076",402,37.36%
Shelby County,D102 - CROPPER INFORMATION,"1,089",456,41.87%
Shelby County,D103 - JAIL HILL INFORMATION,"1,353",333,24.61%
Shelby County,D104 - WEST BAGDAD INFORMATION,726,334,46.01%
Shelby County,D105 - BOONE STATION INFORMATION,"1,267",356,28.1%
Shelby County,E101 - TOWN N COUNTRY INFORMATION,"1,997",490,24.54%
Shelby County,E102 - MARSHALL DOAKS INFORMATION,"1,114",372,33.39%
Shelby County,E103 - NORTH SHELBY INFORMATION,"1,122",463,41.27%
Shelby County,E104 - TODDS POINT INFORMATION,584,217,37.16%
Shelby County,E105 - WEST SHELBY INFORMATION,250,72,28.8%
Shelby County,F101 - SIMPSONVILLE INFORMATION,"1,752",493,28.14%
Shelby County,F102 - SOUTH SIMPSONVILLE INFORMATION,"1,766",499,28.26%
Shelby County,F103 - GARDEN STATION INFORMATION,779,202,25.93%
Shelby County,F104 - LONG RUN INFORMATION,538,199,36.99%
Shelby County,F105 - PERSIMMON RIDGE INFORMATION,"1,265",426,33.68%
Shelby County,G101 - SHELBYVILLE #1 INFORMATION,"1,117",262,23.46%
Shelby County,G102 - SHELBYVILLE #2 INFORMATION,680,183,26.91%
Shelby County,G103 - SHELBYVILLE #3 INFORMATION,"1,240",361,29.11%
Shelby County,G104 - SHELBYVILLE #4 INFORMATION,"1,277",192,15.04%
Spencer County,A101 - TAYLORSVILLE #1 INFORMATION,"3,203",872,27.22%
Spencer County,B101 - WATERFORD #3 INFORMATION,"1,311",335,25.55%
Spencer County,B102 - WATERFORD #10 INFORMATION,"2,135",659,30.87%
Spencer County,C101 - ELK CREEK #4 INFORMATION,"1,978",625,31.6%
Spencer County,C102 - ELK CREEK #8 INFORMATION,"1,510",476,31.52%
Spencer County,D101 - CAMPBRANCH #1 INFORMATION,"1,568",408,26.02%
Spencer County,D102 - CAMPBRANCH #2 INFORMATION,"1,713",437,25.51%
Spencer County,E101 - LITTLE MOUNT #6 INFORMATION,"2,001",591,29.54%
Spencer County,E102 - MT EDEN #7 INFORMATION,"1,200",297,24.75%
Trimble County,A101 - WEST MILTON INFORMATION,463,127,27.43%
Trimble County,A102 - NORTH MILTON INFORMATION,579,127,21.93%
Trimble County,A103 - LEEPORT INFORMATION,822,251,30.54%
Trimble County,B101 - SOUTH BEDFORD INFORMATION,490,169,34.49%
Trimble County,B103 - BURROWS INFORMATION,795,292,36.73%
Trimble County,B104 - NORTH BEDFORD INFORMATION,492,119,24.19%
Trimble County,C101 - PALMYRA INFORMATION,384,117,30.47%
Trimble County,C103 - EAST MILTON INFORMATION,563,129,22.91%
Trimble County,C104 - SOUTH MILTON INFORMATION,749,222,29.64%
Trimble County,D101 - ANTIOCH INFORMATION,480,135,28.13%
Trimble County,D102 - PROVIDENCE INFORMATION,494,156,31.58%
Trimble County,D103 - EAST BEDFORD INFORMATION,679,205,30.19%
